model,h097,h100,h103,h106,h109,h112,h114,h043,h044,h045,h046,h047,h048,h049,h050,h051,h052,h053,h054,h055,h056,h057,h058,h059,h060,h061,h062,h063,h064,h065,h066,h067,h068,h069,h070,h071,h072,h073,h074,h075,h076,h077,h078,h079,h080,h081,h082,h083,h084,h085,h086,h087,h088,h089,h090,h091,h092,h093,h094,h095,h096,h098,h099,h101,h102,h104,h105,h107,h108,h110,h111,h112_114_max_balanced_0_10_50,h112_114_small_0_10_50,h113,h97_114_max_balanced_0_10_50,h97_114_small_0_10_50,average
xg_boost_fullgird_m_/r_/xg_boost_fullgird__bayram_new,0.582,0.58,0.65,0.648,0.766,0.782,0.754,,,,,,,,,,,,,,,,,,,,,,,,,,,,,,,,,,,,,,,,,,,,,,,,,,,,,,,,,,,,,,,,,,,,,,0.6802857142857144
transformer_max_2_d3_10_m_/r_/transformer_max_2_d3_10__max_balanced_0_1_1_new,0.7220421393841167,0.5888216447134211,0.5844370860927153,0.7216043141220088,0.8390014471780028,0.7416815742397138,0.7871189773844641,,,,,,,,,,,,,,,,,,,,,,,,,,,,,,,,,,,,,,,,,,,,,,,,,,,,,,,,,,,,,,,,,,,,,,0.7121010261592061
transformer_hd_e128_2_d3_90_m_/r_/transformer_hd_e128_2_d3_90__max_balanced_0_1_1_new,0.9931118314424635,0.20576717693129226,0.9897350993377484,0.6582406471183013,0.8646888567293777,0.8032200357781754,0.8313667649950836,,,,,,,,,,,,,,,,,,,,,,,,,,,,,,,,,,,,,,,,,,,,,,,,,,,,,,,,,,,,,,,,,,,,,,0.7637329160474916
transformer_e64_2_d3_10_m_/r_/transformer_e64_2_d3_10__max_balanced_0_1_1_new,0.7653970826580226,0.7874688501245996,0.6996688741721855,0.756319514661274,0.8386396526772794,0.8275491949910555,0.8539823008849557,,,,,,,,,,,,,,,,,,,,,,,,,,,,,,,,,,,,,,,,,,,,,,,,,,,,,,,,,,,,,,,,,,,,,,0.7898607814527674
transformer_e64_2_d3_10_l64_m_/r_/transformer_e64_2_d3_10_l64__max_balanced_0_1_1_new,0.5518638573743923,0.7910288358846564,0.723841059602649,0.6353218739467476,0.8111432706222865,0.7835420393559929,0.8180924287118977,,,,,,,,,,,,,,,,,,,,,,,,,,,,,,,,,,,,,,,,,,,,,,,,,,,,,,,,,,,,,,,,,,,,,,0.7306904807855175
transformer_e64_2_d3_10_l32_m_/r_/transformer_e64_2_d3_10_l32__max_balanced_0_1_1_new,0.6503241491085899,0.7888928444286223,0.7586092715231788,0.6889113582743512,0.8129522431259045,0.7663685152057245,0.8298918387413963,,,,,,,,,,,,,,,,,,,,,,,,,,,,,,,,,,,,,,,,,,,,,,,,,,,,,,,,,,,,,,,,,,,,,,0.7565643172011096
transformer_e64_2_d3_10_l128_m_/r_/transformer_e64_2_d3_10_l128__max_balanced_0_1_1_new,0.6717990275526742,0.7896048415806337,0.7003311258278145,0.7691270643747894,0.8531114327062229,0.7477638640429338,0.8058013765978368,,,,,,,,,,,,,,,,,,,,,,,,,,,,,,,,,,,,,,,,,,,,,,,,,,,,,,,,,,,,,,,,,,,,,,0.7625055332404151
transformer_e512_2_d3_10_l128_m_/r_/transformer_e512_2_d3_10_l128__max_balanced_0_1_1_new,1.0,1.0,0.666887417218543,0.8415908324907314,0.0,1.0,0.8141592920353983,,,,,,,,,,,,,,,,,,,,,,,,,,,,,,,,,,,,,,,,,,,,,,,,,,,,,,,,,,,,,,,,,,,,,,0.7603767916778105
transformer_e32_2_d3_10_m_/r_/transformer_e32_2_d3_10__max_balanced_0_1_1_new,0.6547811993517018,0.716625133499466,0.7821192052980133,0.7964273677114931,0.8256150506512301,0.7867620751341682,0.772369714847591,,,,,,,,,,,,,,,,,,,,,,,,,,,,,,,,,,,,,,,,,,,,,,,,,,,,,,,,,,,,,,,,,,,,,,0.7620999637848093
transformer_e32_2_d3_10_l32_m_/r_/transformer_e32_2_d3_10_l32__max_balanced_0_1_1_new,0.6345218800648298,0.7475970096119615,0.769205298013245,0.5908324907313784,0.7279305354558611,0.8100178890876565,0.7669616519174042,,,,,,,,,,,,,,,,,,,,,,,,,,,,,,,,,,,,,,,,,,,,,,,,,,,,,,,,,,,,,,,,,,,,,,0.7210095364117624
transformer_e32_2_d3_10_l16_m_/r_/transformer_e32_2_d3_10_l16__max_balanced_0_1_1_new,0.586709886547812,0.7152011391954433,0.7705298013245033,0.6033029996629592,0.8809696092619392,0.827906976744186,0.7477876106194691,,,,,,,,,,,,,,,,,,,,,,,,,,,,,,,,,,,,,,,,,,,,,,,,,,,,,,,,,,,,,,,,,,,,,,0.733201146193759
transformer_e256_2_d3_10_l128_m_/r_/transformer_e256_2_d3_10_l128__max_balanced_0_1_1_new,0.6904376012965965,0.6290494838020648,0.7327814569536424,0.7084597236265588,0.7395079594790159,0.8307692307692308,0.7522123893805309,,,,,,,,,,,,,,,,,,,,,,,,,,,,,,,,,,,,,,,,,,,,,,,,,,,,,,,,,,,,,,,,,,,,,,0.7261739779010913
transformer_e128_2_nd_l128_m_/r_/transformer_e128_2_nd_l128__max_balanced_0_1_1_new,0.7200162074554295,0.7753648985404058,0.6235099337748344,0.6612740141557129,0.7963096960926194,0.8203935599284436,0.8176007866273353,,,,,,,,,,,,,,,,,,,,,,,,,,,,,,,,,,,,,,,,,,,,,,,,,,,,,,,,,,,,,,,,,,,,,,0.7449241566535402
transformer_e128_2_d3_10_l64_m_/r_/transformer_e128_2_d3_10_l64__max_balanced_0_1_1_new,0.4967585089141005,0.74937700249199,0.6798013245033112,0.7111560498820357,0.8324891461649783,0.7910554561717352,0.7492625368731564,,,,,,,,,,,,,,,,,,,,,,,,,,,,,,,,,,,,,,,,,,,,,,,,,,,,,,,,,,,,,,,,,,,,,,0.7157000035716153
transformer_e128_2_d3_10_l32_m_/r_/transformer_e128_2_d3_10_l32__max_balanced_0_1_1_new,0.0,1.0,0.15298013245033112,0.6599258510279744,0.8379160636758322,0.7252236135957066,0.7330383480825958,,,,,,,,,,,,,,,,,,,,,,,,,,,,,,,,,,,,,,,,,,,,,,,,,,,,,,,,,,,,,,,,,,,,,,0.5870120012617772
transformer_e128_2_d3_10_l16_m_/r_/transformer_e128_2_d3_10_l16__max_balanced_0_1_1_new,1.0,0.0,0.0,0.7950792045837546,0.8390014471780028,0.7491949910554562,0.8107177974434612,,,,,,,,,,,,,,,,,,,,,,,,,,,,,,,,,,,,,,,,,,,,,,,,,,,,,,,,,,,,,,,,,,,,,,0.5991419200372393
transformer_2_d3_20_m_/r_/transformer_2_d3_20__max_balanced_0_1_1_new,0.703808752025932,0.7440370238519046,0.7834437086092715,0.7077856420626896,0.8274240231548481,0.7917710196779965,0.7831858407079646,,,,,,,,,,,,,,,,,,,,,,,,,,,,,,,,,,,,,,,,,,,,,,,,,,,,,,,,,,,,,,,,,,,,,,0.7630651442986581
transformer_2_2_m_/r_/transformer_2_2__max_balanced_0_1_1_new,0.752836304700162,0.7322890708437166,0.7715231788079471,0.7131782945736435,0.7901591895803184,0.8450805008944544,0.7507374631268436,,,,,,,,,,,,,,,,,,,,,,,,,,,,,,,,,,,,,,,,,,,,,,,,,,,,,,,,,,,,,,,,,,,,,,0.7651148575038693
svm_npr_m_/r_/svm_npr__max_balanced_0_new,0.6888168557536467,0.7006051975792097,0.7536423841059603,0.7526120660599933,0.8100578871201157,0.835778175313059,0.8289085545722714,,,,,,,,,,,,,,,,,,,,,,,,,,,,,,,,,,,,,,,,,,,,,,,,,,,,,,,,,,,,,,,,,,,,,,0.7672030172148937
svm_npr_m_/r_/svm_npr__bayram_new,0.618,0.644,0.732,0.658,0.784,0.782,0.786,,,,,,,,,,,,,,,,,,,,,,,,,,,,,,,,,,,,,,,,,,,,,,,,,,,,,,,,,,,,,,,,,,,,,,0.7148571428571427
svm_npr_m_/r_/svm_npr__bayram_3_7_new,0.636,0.644,0.738,0.664,0.808,0.794,0.788,,,,,,,,,,,,,,,,,,,,,,,,,,,,,,,,,,,,,,,,,,,,,,,,,,,,,,,,,,,,,,,,,,,,,,0.7245714285714288
svm_npr_m_/r_/svm_npr__bayram_1_1_new,0.638,0.65,0.746,0.664,0.806,0.798,0.792,,,,,,,,,,,,,,,,,,,,,,,,,,,,,,,,,,,,,,,,,,,,,,,,,,,,,,,,,,,,,,,,,,,,,,0.7277142857142856
svm_m_/r_/svm_r__,0.56,0.616,0.716,0.656,0.776,0.78,0.732,,,,,,,,,,,,,,,,,,,,,,,,,,,,,,,,,,,,,,,,,,,,,,,,,,,,,,,,,,,,,,,,,,,,,,0.690857142857143
svm_m_/r_/svm_fullgrid_r__,0.608,0.636,0.724,0.656,0.776,0.78,0.78,,,,,,,,,,,,,,,,,,,,,,,,,,,,,,,,,,,,,,,,,,,,,,,,,,,,,,,,,,,,,,,,,,,,,,0.7085714285714287
svm_m_/r_/svm_cv_c_r__,0.606,0.636,0.734,0.656,0.782,0.78,0.786,,,,,,,,,,,,,,,,,,,,,,,,,,,,,,,,,,,,,,,,,,,,,,,,,,,,,,,,,,,,,,,,,,,,,,0.7114285714285715
svm_m_/r_/svm2_r__,0.556,0.518,0.722,0.63,0.772,0.77,0.784,,,,,,,,,,,,,,,,,,,,,,,,,,,,,,,,,,,,,,,,,,,,,,,,,,,,,,,,,,,,,,,,,,,,,,0.6788571428571429
svm_cv_c_tfidf_m_/r_/svm_cv_c_tfidf__bayram_new,0.0,0.0,0.0,0.0,0.0,0.0,0.0,,,,,,,,,,,,,,,,,,,,,,,,,,,,,,,,,,,,,,,,,,,,,,,,,,,,,,,,,,,,,,,,,,,,,,0.0
svm_cv_c_m_/r_/svm_cv_c_r___max_balanced_0,0.6807131280388979,,,,,,,,,,,,,,,,,,,,,,,,,,,,,,,,,,,,,,,,,,,,,,,,,,,,,,,,,,,,,,,,,,,,,,,,,,,,0.6807131280388979
svm_cv_c_m_/r_/svm_cv_c__max_balanced_0_new,0.0,0.0,0.0,,,,,,,,,,,,,,,,,,,,,,,,,,,,,,,,,,,,,,,,,,,,,,,,,,,,,,,,,,,,,,,,,,,,,,,,,,0.0
svm_cv_c_m_/r_/svm_cv_c__bayram_new,0.0,0.0,0.0,0.0,0.0,0.0,0.0,,,,,,,,,,,,,,,,,,,,,,,,,,,,,,,,,,,,,,,,,,,,,,,,,,,,,,,,,,,,,,,,,,,,,,0.0
svm_bayram_baseline,0.607,0.62,0.7,0.6740000000000002,0.778,0.787,0.78,,,,,,,,,,,,,,,,,,,,,,,,,,,,,,,,,,,,,,,,,,,,,,,,,,,,,,,,,,,,,,,,,,,,,,0.7065714285714286
sk_logistic_m_/r_/sk_logisticcv_r__,0.598,0.616,0.72,0.65,0.728,0.766,0.752,,,,,,,,,,,,,,,,,,,,,,,,,,,,,,,,,,,,,,,,,,,,,,,,,,,,,,,,,,,,,,,,,,,,,,0.6900000000000001
sk_logistic_m_/r_/sk_logisticcv2_r__,0.594,0.6,0.72,0.648,0.784,0.772,0.754,,,,,,,,,,,,,,,,,,,,,,,,,,,,,,,,,,,,,,,,,,,,,,,,,,,,,,,,,,,,,,,,,,,,,,0.696
sk_logistic_m_/r_/sk_logistic_r__,0.588,0.608,0.718,0.644,0.794,0.79,0.752,,,,,,,,,,,,,,,,,,,,,,,,,,,,,,,,,,,,,,,,,,,,,,,,,,,,,,,,,,,,,,,,,,,,,,0.6991428571428571
rf_m_/r_/rf_r__,0.594,0.632,0.678,0.658,0.786,0.758,0.718,,,,,,,,,,,,,,,,,,,,,,,,,,,,,,,,,,,,,,,,,,,,,,,,,,,,,,,,,,,,,,,,,,,,,,0.6891428571428572
rf_cv_per4e_tfidf_m_/r_/rf_cv_per4e_tfidf__bayram_new,0.596,0.634,0.704,0.664,0.824,0.752,0.788,,,,,,,,,,,,,,,,,,,,,,,,,,,,,,,,,,,,,,,,,,,,,,,,,,,,,,,,,,,,,,,,,,,,,,0.7088571428571429
rf_cv_per4e_m_/r_/rf_cv_per4e__bayram_new,0.608,0.614,0.672,0.662,0.818,0.774,0.766,,,,,,,,,,,,,,,,,,,,,,,,,,,,,,,,,,,,,,,,,,,,,,,,,,,,,,,,,,,,,,,,,,,,,,0.702
rf_cv_per4e_m_/r_/rf_cv_per4e__bayram_3_7_new,0.61,0.598,0.672,0.662,0.812,0.792,0.782,,,,,,,,,,,,,,,,,,,,,,,,,,,,,,,,,,,,,,,,,,,,,,,,,,,,,,,,,,,,,,,,,,,,,,0.704
rf_cv_per4e_m_/r_/rf_cv_per4e__bayram_1_1_new,0.596,0.638,0.69,0.66,0.812,0.776,0.798,,,,,,,,,,,,,,,,,,,,,,,,,,,,,,,,,,,,,,,,,,,,,,,,,,,,,,,,,,,,,,,,,,,,,,0.71
rf_cv_per4e_m_/r_/rf_cv_per4e__3gram_max_balanced_0_new,0.7021880064829822,0.6977572089711641,0.6950331125827814,0.6612740141557129,0.7749638205499276,0.7960644007155635,0.7812192723697149,,,,,,,,,,,,,,,,,,,,,,,,,,,,,,,,,,,,,,,,,,,,,,,,,,,,,,,,,,,,,,,,,,,,,,0.7297856908325494
rf_cv_per4e_m_/r_/rf_cv_per4e__2gram_max_balanced_0_new,0.6981361426256077,0.696689213243147,0.6880794701986755,0.6464442197505899,0.7738784370477568,0.7960644007155635,0.788102261553589,,,,,,,,,,,,,,,,,,,,,,,,,,,,,,,,,,,,,,,,,,,,,,,,,,,,,,,,,,,,,,,,,,,,,,0.7267705921621328
rf_cv_m_/r_/rf_cv_r__,0.598,0.622,0.682,0.672,0.818,0.784,0.772,,,,,,,,,,,,,,,,,,,,,,,,,,,,,,,,,,,,,,,,,,,,,,,,,,,,,,,,,,,,,,,,,,,,,,0.706857142857143
rf_cv_m_/r_/rf_cv_per_r__,0.594,0.604,0.694,0.658,0.776,0.776,0.77,,,,,,,,,,,,,,,,,,,,,,,,,,,,,,,,,,,,,,,,,,,,,,,,,,,,,,,,,,,,,,,,,,,,,,0.696
rf_cv_m_/r_/rf_cv_per4g_r__,0.594,0.602,0.698,0.688,0.802,0.796,0.752,,,,,,,,,,,,,,,,,,,,,,,,,,,,,,,,,,,,,,,,,,,,,,,,,,,,,,,,,,,,,,,,,,,,,,0.7045714285714285
rf_cv_m_/r_/rf_cv_per4e_r__,0.59,0.6,0.69,0.662,0.798,0.796,0.768,,,,,,,,,,,,,,,,,,,,,,,,,,,,,,,,,,,,,,,,,,,,,,,,,,,,,,,,,,,,,,,,,,,,,,0.7005714285714285
rf_cv_m_/r_/rf_cv_per3_r__,0.57,0.604,,0.67,0.766,0.774,0.762,,,,,,,,,,,,,,,,,,,,,,,,,,,,,,,,,,,,,,,,,,,,,,,,,,,,,,,,,,,,,,,,,,,,,,0.691
rf_cv_m_/r_/rf_cv_per2_r__,,0.606,0.688,0.636,0.806,0.784,0.762,,,,,,,,,,,,,,,,,,,,,,,,,,,,,,,,,,,,,,,,,,,,,,,,,,,,,,,,,,,,,,,,,,,,,,0.7136666666666667
rf_bayram_baseline,0.591,0.627,0.673,0.6250000000000001,0.777,0.767,0.765,,,,,,,,,,,,,,,,,,,,,,,,,,,,,,,,,,,,,,,,,,,,,,,,,,,,,,,,,,,,,,,,,,,,,,0.6892857142857143
nnmulti_relu_m_/r_/nnmulti_relu__bayram_1_1_new,0.574,0.584,0.684,0.624,0.79,0.812,0.78,,,,,,,,,,,,,,,,,,,,,,,,,,,,,,,,,,,,,,,,,,,,,,,,,,,,,,,,,,,,,,,,,,,,,,0.6925714285714287
nnmulti_m_/r_/nnmulti__max_balanced_0_new,0.7443273905996759,0.7155571377714489,0.6834437086092715,0.7633973710819009,0.7543415340086831,0.778175313059034,0.7713864306784661,,,,,,,,,,,,,,,,,,,,,,,,,,,,,,,,,,,,,,,,,,,,,,,,,,,,,,,,,,,,,,,,,,,,,,0.7443755551154972
nnmulti_m_/r_/nnmulti__bayram_new,0.562,0.822,0.666,0.746,0.776,0.888,0.762,,,,,,,,,,,,,,,,,,,,,,,,,,,,,,,,,,,,,,,,,,,,,,,,,,,,,,,,,,,,,,,,,,,,,,0.7459999999999999
nnmulti_05_m_/r_/nnmulti_05__max_balanced_0_new,0.6600486223662885,0.7262370950516198,0.6473509933774835,0.7256488035052241,0.7850940665701881,0.7892665474060823,0.7551622418879056,,,,,,,,,,,,,,,,,,,,,,,,,,,,,,,,,,,,,,,,,,,,,,,,,,,,,,,,,,,,,,,,,,,,,,0.7269726243092559
nnmulti2_tanh_nd_m_/r_/nnmulti2_tanh_nd__max_balanced_0_10_50_new,0.7058346839546191,0.7287290850836596,,,,,,,,,,,,,,,,,,,,,,,,,,,,,,,,,,,,,,,,,,,,,,,,,,,,,,,,,,,,,,,,,,,,,,,,,,,0.7172818845191393
nnmulti2_tanh_m_/r_/nnmulti2_tanh__bayram_1_1_new,0.696,0.606,0.726,0.678,0.702,0.878,0.76,,,,,,,,,,,,,,,,,,,,,,,,,,,,,,,,,,,,,,,,,,,,,,,,,,,,,,,,,,,,,,,,,,,,,,0.7208571428571428
nnmulti2_tanh_m_/r_/nnmulti2_tanh__3gram_max_balanced_0_new,0.6673419773095624,0.6062655749377003,0.7791390728476821,0.8220424671385238,0.8527496382054993,0.8400715563506261,0.7954768928220256,,,,,,,,,,,,,,,,,,,,,,,,,,,,,,,,,,,,,,,,,,,,,,,,,,,,,,,,,,,,,,,,,,,,,,0.7661553113730886
nnmulti2_tanh_hd_m_/r_/nnmulti2_tanh_hd__max_balanced_0_10_50_new,0.6957050243111832,,,,,,,,,,,,,,,,,,,,,,,,,,,,,,,,,,,,,,,,,,,,,,,,,,,,,,,,,,,,,,,,,,,,,,,,,,,,0.6957050243111832
nnmulti2_relu_m_/r_/nnmulti2_relu__bayram_1_1_new,0.612,0.582,0.682,0.664,0.742,0.79,0.786,,,,,,,,,,,,,,,,,,,,,,,,,,,,,,,,,,,,,,,,,,,,,,,,,,,,,,,,,,,,,,,,,,,,,,0.6940000000000001
nn20nd_tfidf_m_/r_/nn20nd_tfidf__bayram_new,0.558,0.682,0.668,0.702,0.8,0.756,0.792,,,,,,,,,,,,,,,,,,,,,,,,,,,,,,,,,,,,,,,,,,,,,,,,,,,,,,,,,,,,,,,,,,,,,,0.7082857142857143
nn20nd_reg_m_/r_/nn20nd_reg__bayram_1_1_new,0.526,0.576,0.732,0.724,0.794,0.888,0.802,,,,,,,,,,,,,,,,,,,,,,,,,,,,,,,,,,,,,,,,,,,,,,,,,,,,,,,,,,,,,,,,,,,,,,0.7202857142857143
nn20nd_m_/r_/nn20nd_r___max_balanced_0,0.6803079416531604,0.5724457102171592,0.6731788079470199,0.7812605325244355,0.8234442836468886,0.7803220035778176,0.8220255653883972,,,,,,,,,,,,,,,,,,,,,,,,,,,,,,,,,,,,,,,,,,,,,,,,,,,,,,,,,,,,,,,,,,,,,,0.7332835492792683
nn20nd_m_/r_/nn20nd_r__,0.558,0.736,0.628,0.71,0.77,0.862,0.742,,,,,,,,,,,,,,,,,,,,,,,,,,,,,,,,,,,,,,,,,,,,,,,,,,,,,,,,,,,,,,,,,,,,,,0.7151428571428572
nn20nd_m_/r_/nn20nd__max_balanced_0_new,0.6803079416531604,0.5724457102171592,0.6731788079470199,0.7812605325244355,0.8234442836468886,0.7803220035778176,0.8220255653883972,,,,,,,,,,,,,,,,,,,,,,,,,,,,,,,,,,,,,,,,,,,,,,,,,,,,,,,,,,,,,,,,,,,,,,0.7332835492792683
nn20nd_m_/r_/nn20nd__bayram_new,0.564,0.736,0.628,0.704,0.774,0.86,0.736,,,,,,,,,,,,,,,,,,,,,,,,,,,,,,,,,,,,,,,,,,,,,,,,,,,,,,,,,,,,,,,,,,,,,,0.7145714285714285
nn20nd_m_/r_/nn20nd__bayram_3_7_new,0.592,0.638,0.744,0.722,0.798,0.768,0.816,,,,,,,,,,,,,,,,,,,,,,,,,,,,,,,,,,,,,,,,,,,,,,,,,,,,,,,,,,,,,,,,,,,,,,0.7254285714285713
nn20nd_m_/r_/nn20nd__bayram_1_1_new,0.628,0.622,0.758,0.712,0.8,0.764,0.812,,,,,,,,,,,,,,,,,,,,,,,,,,,,,,,,,,,,,,,,,,,,,,,,,,,,,,,,,,,,,,,,,,,,,,0.728
nn20nd_m_/r_/nn20nd__3gram_max_balanced_0_new,0.7301458670988655,0.6358134567461731,0.7884105960264901,0.7546343107516009,0.7691751085383502,0.8239713774597496,0.8244837758112095,,,,,,,,,,,,,,,,,,,,,,,,,,,,,,,,,,,,,,,,,,,,,,,,,,,,,,,,,,,,,,,,,,,,,,0.7609477846332057
nn20nd_m_/r_/nn20nd__2gram_max_balanced_0_new,0.6527552674230146,0.6308294766820933,0.7850993377483444,0.7556454330974048,0.7514471780028944,0.8221824686940966,0.823992133726647,,,,,,,,,,,,,,,,,,,,,,,,,,,,,,,,,,,,,,,,,,,,,,,,,,,,,,,,,,,,,,,,,,,,,,0.7459930421963564
nn20nd_bayram_baseline,0.5399999999999999,0.6329999999999999,0.6430000000000001,0.619,0.7,0.743,0.733,,,,,,,,,,,,,,,,,,,,,,,,,,,,,,,,,,,,,,,,,,,,,,,,,,,,,,,,,,,,,,,,,,,,,,0.6587142857142857
nn20hd_m_/r_/nn20hd_r___max_balanced_0,0.6693679092382496,0.6514773940904236,0.7400662251655629,0.7701381867205932,0.8172937771345875,0.7806797853309482,0.8279252704031466,,,,,,,,,,,,,,,,,,,,,,,,,,,,,,,,,,,,,,,,,,,,,,,,,,,,,,,,,,,,,,,,,,,,,,0.7509926497262159
nn20d_tfidf_m_/r_/nn20d_tfidf__bayram_new,0.624,0.634,0.66,0.676,0.808,0.78,0.75,,,,,,,,,,,,,,,,,,,,,,,,,,,,,,,,,,,,,,,,,,,,,,,,,,,,,,,,,,,,,,,,,,,,,,0.7045714285714286
nn20d_reg_m_/r_/nn20d_reg__bayram_1_1_new,0.744,0.582,0.59,0.678,0.694,0.738,0.604,,,,,,,,,,,,,,,,,,,,,,,,,,,,,,,,,,,,,,,,,,,,,,,,,,,,,,,,,,,,,,,,,,,,,,0.6614285714285714
nn20d_m_/r_/nn20d_r__,0.64,0.686,0.694,0.696,0.828,0.78,0.78,,,,,,,,,,,,,,,,,,,,,,,,,,,,,,,,,,,,,,,,,,,,,,,,,,,,,,,,,,,,,,,,,,,,,,0.7291428571428572
nn20d_m_/r_/nn20d__max_balanced_0_new,0.6693679092382496,0.6514773940904236,0.7400662251655629,0.7701381867205932,0.8172937771345875,0.7806797853309482,0.8279252704031466,,,,,,,,,,,,,,,,,,,,,,,,,,,,,,,,,,,,,,,,,,,,,,,,,,,,,,,,,,,,,,,,,,,,,,0.7509926497262159
nn20d_m_/r_/nn20d__bayram_new,0.618,0.684,0.698,0.654,0.772,0.858,0.828,,,,,,,,,,,,,,,,,,,,,,,,,,,,,,,,,,,,,,,,,,,,,,,,,,,,,,,,,,,,,,,,,,,,,,0.7302857142857143
nn20d_m_/r_/nn20d__bayram_3_7_new,0.53,0.598,0.756,0.68,0.818,0.81,0.804,,,,,,,,,,,,,,,,,,,,,,,,,,,,,,,,,,,,,,,,,,,,,,,,,,,,,,,,,,,,,,,,,,,,,,0.7137142857142857
nn20d_m_/r_/nn20d__bayram_1_1_new,0.602,0.568,0.716,0.678,0.788,0.806,0.806,,,,,,,,,,,,,,,,,,,,,,,,,,,,,,,,,,,,,,,,,,,,,,,,,,,,,,,,,,,,,,,,,,,,,,0.7091428571428572
nn20d_m_/r_/nn20d__3gram_max_balanced_0_new,0.6527552674230146,0.6899252402990388,0.7596026490066226,0.7829457364341085,0.815123010130246,0.8404293381037568,0.8215339233038348,,,,,,,,,,,,,,,,,,,,,,,,,,,,,,,,,,,,,,,,,,,,,,,,,,,,,,,,,,,,,,,,,,,,,,0.7660450235286603
nn20d_m_/r_/nn20d__2gram_max_balanced_0_new,0.6867909238249594,0.6856532573869705,0.7198675496688741,0.7647455342096394,0.8172937771345875,0.8128801431127013,0.8269419862340216,,,,,,,,,,,,,,,,,,,,,,,,,,,,,,,,,,,,,,,,,,,,,,,,,,,,,,,,,,,,,,,,,,,,,,0.7591675959388219
nn20d_bayram_baseline,0.631,0.617,0.6829999999999999,0.678,0.795,0.8180000000000001,0.8240000000000001,,,,,,,,,,,,,,,,,,,,,,,,,,,,,,,,,,,,,,,,,,,,,,,,,,,,,,,,,,,,,,,,,,,,,,0.7208571428571428
nn1000nd_tfidf_m_/r_/nn1000nd_tfidf__bayram_new,0.548,0.614,0.622,0.656,0.724,0.772,0.722,,,,,,,,,,,,,,,,,,,,,,,,,,,,,,,,,,,,,,,,,,,,,,,,,,,,,,,,,,,,,,,,,,,,,,0.6654285714285714
nn1000nd_reg_m_/r_/nn1000nd_reg__bayram_1_1_new,0.604,0.474,0.744,0.716,0.762,0.762,0.808,,,,,,,,,,,,,,,,,,,,,,,,,,,,,,,,,,,,,,,,,,,,,,,,,,,,,,,,,,,,,,,,,,,,,,0.6957142857142856
nn1000nd_m_/r_/nn1000nd_r___max_balanced_0,0.6948946515397083,0.558561765752937,0.7155629139072848,0.7495786990225818,0.8111432706222865,0.7613595706618962,0.7438544739429696,,,,,,,,,,,,,,,,,,,,,,,,,,,,,,,,,,,,,,,,,,,,,,,,,,,,,,,,,,,,,,,,,,,,,,0.7192793350642377
nn1000nd_m_/r_/nn1000nd_r__,0.56,0.586,0.756,0.592,0.868,0.848,0.712,,,,,,,,,,,,,,,,,,,,,,,,,,,,,,,,,,,,,,,,,,,,,,,,,,,,,,,,,,,,,,,,,,,,,,0.7031428571428571
nn1000nd_m_/r_/nn1000nd__max_balanced_0_new,0.6952998379254457,0.5596297614809541,0.7155629139072848,0.7475564543309741,0.8111432706222865,0.7595706618962433,0.744346116027532,,,,,,,,,,,,,,,,,,,,,,,,,,,,,,,,,,,,,,,,,,,,,,,,,,,,,,,,,,,,,,,,,,,,,,0.7190155737415315
nn1000nd_m_/r_/nn1000nd__bayram_new,0.572,0.6,0.76,0.75,0.864,0.848,0.802,,,,,,,,,,,,,,,,,,,,,,,,,,,,,,,,,,,,,,,,,,,,,,,,,,,,,,,,,,,,,,,,,,,,,,0.7422857142857142
nn1000nd_m_/r_/nn1000nd__bayram_3_7_new,0.72,0.69,0.704,0.82,0.892,0.806,0.814,,,,,,,,,,,,,,,,,,,,,,,,,,,,,,,,,,,,,,,,,,,,,,,,,,,,,,,,,,,,,,,,,,,,,,0.7779999999999999
nn1000nd_m_/r_/nn1000nd__bayram_1_1_new,0.594,0.648,0.74,0.828,0.776,0.856,0.802,,,,,,,,,,,,,,,,,,,,,,,,,,,,,,,,,,,,,,,,,,,,,,,,,,,,,,,,,,,,,,,,,,,,,,0.7491428571428571
nn1000nd_m_/r_/nn1000nd__3gram_max_balanced_0_new,0.7179902755267423,0.6197935208259167,0.7794701986754967,0.750252780586451,0.7988422575976846,0.8207513416815743,0.8102261553588987,,,,,,,,,,,,,,,,,,,,,,,,,,,,,,,,,,,,,,,,,,,,,,,,,,,,,,,,,,,,,,,,,,,,,,0.7567609328932521
nn1000nd_m_/r_/nn1000nd__2gram_max_balanced_0_new,0.7135332252836305,0.6208615165539337,0.7764900662251656,0.7714863498483316,0.7941389290882779,0.8150268336314848,0.8053097345132744,,,,,,,,,,,,,,,,,,,,,,,,,,,,,,,,,,,,,,,,,,,,,,,,,,,,,,,,,,,,,,,,,,,,,,0.7566923793063
nn1000nd_bayram_baseline,0.5319999999999999,0.5569999999999999,0.675,0.628,0.6809999999999999,0.724,0.714,,,,,,,,,,,,,,,,,,,,,,,,,,,,,,,,,,,,,,,,,,,,,,,,,,,,,,,,,,,,,,,,,,,,,,0.6444285714285714
nn1000hd_tfidf_m_/r_/nn1000hd_tfidf__bayram_new,0.63,0.598,0.7,0.656,0.782,0.762,0.796,,,,,,,,,,,,,,,,,,,,,,,,,,,,,,,,,,,,,,,,,,,,,,,,,,,,,,,,,,,,,,,,,,,,,,0.7034285714285715
nn1000hd_reg_m_/r_/nn1000hd_reg__bayram_1_1_new,0.572,0.624,0.712,0.702,0.872,0.77,0.808,,,,,,,,,,,,,,,,,,,,,,,,,,,,,,,,,,,,,,,,,,,,,,,,,,,,,,,,,,,,,,,,,,,,,,0.7228571428571428
nn1000hd_m_/r_/nn1000hd_r___max_balanced_0,0.6134521880064829,0.6279814880740477,0.6854304635761589,0.7637344118638355,0.8274240231548481,0.813953488372093,0.8141592920353983,,,,,,,,,,,,,,,,,,,,,,,,,,,,,,,,,,,,,,,,,,,,,,,,,,,,,,,,,,,,,,,,,,,,,,0.7351621935832664
nn1000hd_m_/r_/nn1000hd__max_balanced_0_new,0.6803079416531604,0.6304734781060876,0.7043046357615894,0.7526120660599933,0.8057163531114327,0.7695885509838998,0.7940019665683382,,,,,,,,,,,,,,,,,,,,,,,,,,,,,,,,,,,,,,,,,,,,,,,,,,,,,,,,,,,,,,,,,,,,,,0.7338578560349288
nn1000hd_m_/r_/nn1000hd__bayram_new,0.626,0.614,0.7,0.684,0.794,0.826,0.798,,,,,,,,,,,,,,,,,,,,,,,,,,,,,,,,,,,,,,,,,,,,,,,,,,,,,,,,,,,,,,,,,,,,,,0.7202857142857143
nn1000hd_m_/r_/nn1000hd__bayram_3_7_new,0.582,0.608,0.718,0.67,0.798,0.794,0.81,,,,,,,,,,,,,,,,,,,,,,,,,,,,,,,,,,,,,,,,,,,,,,,,,,,,,,,,,,,,,,,,,,,,,,0.7114285714285715
nn1000hd_m_/r_/nn1000hd__bayram_1_1_new,0.552,0.598,0.728,0.714,0.796,0.808,0.814,,,,,,,,,,,,,,,,,,,,,,,,,,,,,,,,,,,,,,,,,,,,,,,,,,,,,,,,,,,,,,,,,,,,,,0.7157142857142856
nn1000hd_m_/r_/nn1000hd__3gram_max_balanced_0_new,0.6203403565640194,0.7212531149875401,0.7950331125827814,0.7765419615773509,0.8035455861070911,0.7717352415026834,0.8023598820058997,,,,,,,,,,,,,,,,,,,,,,,,,,,,,,,,,,,,,,,,,,,,,,,,,,,,,,,,,,,,,,,,,,,,,,0.7558298936181951
nn1000hd_m_/r_/nn1000hd__3gram_max_balanced_0_10_50_new,,,,0.0,,,,,,,,,,,,,,,,,,,,,,,,,,,,,,,,,,,,,,,,,,,,,,,,,,,,,,,,,,,,,,,,,,,,,,,,,0.0
nn1000hd_m_/r_/nn1000hd__2gram_max_balanced_0_new,0.6641004862236629,0.6984692061231755,0.7109271523178808,0.8156386922817661,0.7608538350217077,0.835778175313059,0.8529990167158309,,,,,,,,,,,,,,,,,,,,,,,,,,,,,,,,,,,,,,,,,,,,,,,,,,,,,,,,,,,,,,,,,,,,,,0.7626809377138689
nn1000hd_glc_m_/r_/nn1000hd_glc__3gram_max_balanced_0_10_50_new,0.6782820097244733,,,,,,,,,,,,,,,,,,,,,,,,,,,,,,,,,,,,,,,,,,,,,,,,,,,,,,,,,,,,,,,,,,,,,,,,,,,,0.6782820097244733
nn1000d_m_/r_/nn1000d_r__,0.508,0.682,0.716,0.694,0.808,0.812,0.782,,,,,,,,,,,,,,,,,,,,,,,,,,,,,,,,,,,,,,,,,,,,,,,,,,,,,,,,,,,,,,,,,,,,,,0.7145714285714285
nn1000d_bayram_baseline,0.581,0.649,0.7,0.676,0.739,0.777,0.77,,,,,,,,,,,,,,,,,,,,,,,,,,,,,,,,,,,,,,,,,,,,,,,,,,,,,,,,,,,,,,,,,,,,,,0.6988571428571427
mnnb_tfidf_m_/r_/mnnb_tfidf__bayram_new,0.56,0.558,0.682,0.674,0.766,0.762,0.73,,,,,,,,,,,,,,,,,,,,,,,,,,,,,,,,,,,,,,,,,,,,,,,,,,,,,,,,,,,,,,,,,,,,,,0.6760000000000002
mnnb_m_/r_/mnnb_r___max_balanced_0,0.6961102106969206,0.6650053399786401,0.6990066225165563,0.7125042130097742,0.8122286541244573,0.7903398926654741,0.7610619469026548,,,,,,,,,,,,,,,,,,,,,,,,,,,,,,,,,,,,,,,,,,,,,,,,,,,,,,,,,,,,,,,,,,,,,,0.7337509828420682
mnnb_m_/r_/mnnb_r__,0.586,0.57,0.66,0.644,0.692,0.666,0.7,,,,,,,,,,,,,,,,,,,,,,,,,,,,,,,,,,,,,,,,,,,,,,,,,,,,,,,,,,,,,,,,,,,,,,0.6454285714285714
mnnb_m_/r_/mnnb_a0_r__,0.586,0.566,0.658,0.644,0.692,0.668,0.698,,,,,,,,,,,,,,,,,,,,,,,,,,,,,,,,,,,,,,,,,,,,,,,,,,,,,,,,,,,,,,,,,,,,,,0.6445714285714287
mnnb_m_/r_/mnnb__bayram_new,0.586,0.566,0.658,0.644,0.692,0.668,0.698,,,,,,,,,,,,,,,,,,,,,,,,,,,,,,,,,,,,,,,,,,,,,,,,,,,,,,,,,,,,,,,,,,,,,,0.6445714285714287
mnnb_m_/r_/mnnb__bayram_3_7_new,0.612,0.596,0.678,0.654,0.684,0.7,0.714,,,,,,,,,,,,,,,,,,,,,,,,,,,,,,,,,,,,,,,,,,,,,,,,,,,,,,,,,,,,,,,,,,,,,,0.6625714285714286
mnnb_m_/r_/mnnb__bayram_1_1_new,0.56,0.6,0.624,0.614,0.676,0.698,0.664,,,,,,,,,,,,,,,,,,,,,,,,,,,,,,,,,,,,,,,,,,,,,,,,,,,,,,,,,,,,,,,,,,,,,,0.6337142857142857
mnnb_m_/r_/mnnb__3gram_max_balanced_0_new,0.710291734197731,0.6735493058027768,0.7029801324503311,0.6953151331311088,0.8390014471780028,0.8035778175313059,0.8141592920353983,,,,,,,,,,,,,,,,,,,,,,,,,,,,,,,,,,,,,,,,,,,,,,,,,,,,,,,,,,,,,,,,,,,,,,0.7484106946180935
mnnb_m_/r_/mnnb__2gram_max_balanced_0_new,0.7025931928687196,0.6717693129227483,0.695364238410596,0.7101449275362319,0.8314037626628076,0.7996422182468694,0.799410029498525,,,,,,,,,,,,,,,,,,,,,,,,,,,,,,,,,,,,,,,,,,,,,,,,,,,,,,,,,,,,,,,,,,,,,,0.7443325260209283
lstm_word2vec_m_/r_/lstm_word2vec__bayram_1_1_new,0.486,0.284,0.528,0.578,0.63,,,,,,,,,,,,,,,,,,,,,,,,,,,,,,,,,,,,,,,,,,,,,,,,,,,,,,,,,,,,,,,,,,,,,,,,0.5012
lstm_m_/r_/lstm__max_balanced_0_new,0.5607779578606159,0.6571733713065148,0.6841059602649007,0.6241995281429052,0.8129522431259045,0.7903398926654741,0.7590953785644051,,,,,,,,,,,,,,,,,,,,,,,,,,,,,,,,,,,,,,,,,,,,,,,,,,,,,,,,,,,,,,,,,,,,,,0.6983777617043886
lstm_m_/r_/lstm__bayram_new,0.484,0.434,0.594,0.582,0.646,0.64,0.668,,,,,,,,,,,,,,,,,,,,,,,,,,,,,,,,,,,,,,,,,,,,,,,,,,,,,,,,,,,,,,,,,,,,,,0.5782857142857143
lstm_m_/r_/lstm__bayram,0.484,0.434,,,,,,,,,,,,,,,,,,,,,,,,,,,,,,,,,,,,,,,,,,,,,,,,,,,,,,,,,,,,,,,,,,,,,,,,,,,0.45899999999999996
lstm_glove_m_/r_/lstm_glove__bayram_new,0.428,0.366,0.626,0.682,0.574,0.348,0.51,,,,,,,,,,,,,,,,,,,,,,,,,,,,,,,,,,,,,,,,,,,,,,,,,,,,,,,,,,,,,,,,,,,,,,0.5048571428571428
lstm_glove_m_/r_/lstm_glove__bayram_1_1_new,0.592,0.606,0.484,0.53,0.62,0.662,0.588,,,,,,,,,,,,,,,,,,,,,,,,,,,,,,,,,,,,,,,,,,,,,,,,,,,,,,,,,,,,,,,,,,,,,,0.5831428571428571
lstm_glove_50_m_/r_/lstm_glove_50__bayram_1_1_new,0.592,0.606,0.484,0.53,0.618,0.67,0.588,,,,,,,,,,,,,,,,,,,,,,,,,,,,,,,,,,,,,,,,,,,,,,,,,,,,,,,,,,,,,,,,,,,,,,0.5839999999999999
lstm_glove_300_m_/r_/lstm_glove_300__bayram_1_1_new,0.49,0.126,0.688,0.574,0.71,0.502,0.646,,,,,,,,,,,,,,,,,,,,,,,,,,,,,,,,,,,,,,,,,,,,,,,,,,,,,,,,,,,,,,,,,,,,,,0.5337142857142857
lstm_glove_200_m_/r_/lstm_glove_200__bayram_1_1_new,0.634,0.562,0.578,0.566,0.664,0.608,0.658,,,,,,,,,,,,,,,,,,,,,,,,,,,,,,,,,,,,,,,,,,,,,,,,,,,,,,,,,,,,,,,,,,,,,,0.6100000000000001
lstm_glove_100_m_/r_/lstm_glove_100__bayram_1_1_new,0.706,0.554,0.522,0.498,0.72,0.626,0.714,,,,,,,,,,,,,,,,,,,,,,,,,,,,,,,,,,,,,,,,,,,,,,,,,,,,,,,,,,,,,,,,,,,,,,0.62
lstm_drop_m_/r_/lstm_drop__bayram_1_1_new,0.526,0.604,0.636,0.614,0.656,0.722,0.666,,,,,,,,,,,,,,,,,,,,,,,,,,,,,,,,,,,,,,,,,,,,,,,,,,,,,,,,,,,,,,,,,,,,,,0.632
lstm_drop_glove_32_50_m_/r_/lstm_drop_glove_32_50__bayram_1_1_new,0.53,0.302,0.804,0.438,0.242,0.558,0.374,,,,,,,,,,,,,,,,,,,,,,,,,,,,,,,,,,,,,,,,,,,,,,,,,,,,,,,,,,,,,,,,,,,,,,0.4640000000000001
lstm_drop_glove_32_100_m_/r_/lstm_drop_glove_32_100__bayram_1_1_new,0.346,0.068,0.736,0.504,0.648,0.828,0.314,,,,,,,,,,,,,,,,,,,,,,,,,,,,,,,,,,,,,,,,,,,,,,,,,,,,,,,,,,,,,,,,,,,,,,0.492
lstm_drop_128_l350_m_/r_/lstm_drop_128_l350__bayram_1_1_new,0.542,0.472,0.84,0.612,0.714,0.728,0.71,,,,,,,,,,,,,,,,,,,,,,,,,,,,,,,,,,,,,,,,,,,,,,,,,,,,,,,,,,,,,,,,,,,,,,0.6597142857142858
lstm_drop_128_b32_m_/r_/lstm_drop_128_b32__bayram_1_1_new,0.508,0.278,0.586,0.588,0.656,0.618,0.804,,,,,,,,,,,,,,,,,,,,,,,,,,,,,,,,,,,,,,,,,,,,,,,,,,,,,,,,,,,,,,,,,,,,,,0.5768571428571428
lstm2_drop_bidi_128_d_2_75_l64_e256_m_/r_/lstm2_drop_bidi_128_d_2_75_l64_e256__max_balanced_0_1_1_new,0.5773905996758509,0.7742969028123887,0.6496688741721854,0.7125042130097742,0.7934153400868307,0.7960644007155635,0.7109144542772862,,,,,,,,,,,,,,,,,,,,,,,,,,,,,,,,,,,,,,,,,,,,,,,,,,,,,,,,,,,,,,,,,,,,,,0.7163221121071256
lstm2_drop_bidi_128_d3_50_l32_m_/r_/lstm2_drop_bidi_128_d3_50_l32__max_balanced_0_1_1_new,0.643030794165316,0.6568173727305091,0.6460264900662251,0.7435119649477587,0.7018813314037626,0.792128801431127,0.7413962635201573,,,,,,,,,,,,,,,,,,,,,,,,,,,,,,,,,,,,,,,,,,,,,,,,,,,,,,,,,,,,,,,,,,,,,,0.7035418597521222
lstm2_drop_bidi_128_d2_75_l64_m_/r_/lstm2_drop_bidi_128_d2_75_l64__max_balanced_0_1_1_new,0.6661264181523501,0.6027055891776433,0.7281456953642385,0.7087967644084934,0.7782199710564399,0.7713774597495527,0.767944936086529,,,,,,,,,,,,,,,,,,,,,,,,,,,,,,,,,,,,,,,,,,,,,,,,,,,,,,,,,,,,,,,,,,,,,,0.7176166905707495
lstm2_drop_bidi_128_05_m_/r_/lstm2_drop_bidi_128_05__bayram_1_1_new,0.394,0.502,0.686,0.534,0.662,0.8,0.768,,,,,,,,,,,,,,,,,,,,,,,,,,,,,,,,,,,,,,,,,,,,,,,,,,,,,,,,,,,,,,,,,,,,,,0.6208571428571429
lstm2_drop_bidi_128_05_l32_m_/r_/lstm2_drop_bidi_128_05_l32__bayram_1_1_new,0.56,0.578,0.648,0.584,0.656,0.812,0.69,,,,,,,,,,,,,,,,,,,,,,,,,,,,,,,,,,,,,,,,,,,,,,,,,,,,,,,,,,,,,,,,,,,,,,0.6468571428571429
lstm2_drop_128_05_m_/r_/lstm2_drop_128_05__bayram_1_1_new,0.0,0.63,0.614,0.58,0.792,0.704,0.73,,,,,,,,,,,,,,,,,,,,,,,,,,,,,,,,,,,,,,,,,,,,,,,,,,,,,,,,,,,,,,,,,,,,,,0.5785714285714284
lstm2_drop_128_05_l32_m_/r_/lstm2_drop_128_05_l32__max_balanced_0_1_1_new,0.6948946515397083,0.7162691349234603,0.6973509933774834,0.7199191102123357,0.7731548480463097,0.7538461538461538,0.7418879056047197,,,,,,,,,,,,,,,,,,,,,,,,,,,,,,,,,,,,,,,,,,,,,,,,,,,,,,,,,,,,,,,,,,,,,,0.7281889710785958
lstm2_drop_128_05_l32_m_/r_/lstm2_drop_128_05_l32__bayram_1_1_new,0.52,0.62,0.66,0.604,0.75,0.76,0.772,,,,,,,,,,,,,,,,,,,,,,,,,,,,,,,,,,,,,,,,,,,,,,,,,,,,,,,,,,,,,,,,,,,,,,0.6694285714285716
lstm2_bidi_128_m_/r_/lstm2_bidi_128__bayram_1_1_new,0.632,0.21,0.598,0.614,0.756,0.37,0.544,,,,,,,,,,,,,,,,,,,,,,,,,,,,,,,,,,,,,,,,,,,,,,,,,,,,,,,,,,,,,,,,,,,,,,0.5319999999999999
logistic_tfidf_m_/r_/logistic_tfidf__bayram_new,0.608,0.594,0.684,0.694,0.778,0.774,0.8,,,,,,,,,,,,,,,,,,,,,,,,,,,,,,,,,,,,,,,,,,,,,,,,,,,,,,,,,,,,,,,,,,,,,,0.7045714285714285
logistic_test_m_/r_/logistic_test__max_balanced_0,0.6912479740680713,0.7180491278034888,0.7052980132450332,0.731041456016178,0.8002894356005789,0.8035778175313059,0.816125860373648,,,,,,,,,,,,,,,,,,,,,,,,,,,,,,,,,,,,,,,,,,,,,,,,,,,,,,,,,,,,,,,,,,,,,,0.7522328120911863
logistic_sig_m_/r_/logistic_sig__bayram_new,0.58,0.622,0.704,0.666,0.784,0.77,0.794,,,,,,,,,,,,,,,,,,,,,,,,,,,,,,,,,,,,,,,,,,,,,,,,,,,,,,,,,,,,,,,,,,,,,,0.7028571428571428
logistic_range_m_/r_/logistic_range__3gram_max_balanced_0_new,0.6936790923824959,0.700249199003204,,,,,,,,,,,,,,,,,,,,,,,,,,,,,,,,,,,,,,,,,,,,,,,,,,,,,,,,,,,,0.7192636423405654,0.6881824020552344,0.699625468164794,,,,,,,,,,,,,0.7001999607892587
logistic_m_/r_/logistic_r___max_balanced_0,0.6912479740680713,0.7180491278034888,0.7052980132450332,0.731041456016178,0.8002894356005789,0.8035778175313059,0.816125860373648,,,,,,,,,,,,,,,,,,,,,,,,,,,,,,,,,,,,,,,,,,,,,,,,,,,,,,,,,,,,,,,,,,,,,,0.7522328120911863
logistic_m_/r_/logistic_r___3gram_bayram,0.64,0.616,0.71,0.752,0.808,0.784,0.8,,,,,,,,,,,,,,,,,,,,,,,,,,,,,,,,,,,,,,,,,,,,,,,,,,,,,,,,,,,,,,,,,,,,,,0.7299999999999999
logistic_m_/r_/logistic_r___2gram_bayram,0.552,0.618,0.7,0.722,0.772,0.794,0.778,,,,,,,,,,,,,,,,,,,,,,,,,,,,,,,,,,,,,,,,,,,,,,,,,,,,,,,,,,,,,,,,,,,,,,0.7051428571428572
logistic_m_/r_/logistic_r__,0.59,0.612,0.704,0.678,0.794,0.792,0.782,,,,,,,,,,,,,,,,,,,,,,,,,,,,,,,,,,,,,,,,,,,,,,,,,,,,,,,,,,,,,,,,,,,,,,0.7074285714285714
logistic_m_/r_/logistic_new,,,,,,,,,,,,,,,,,,,,,,,,,,,,,,,,,,,,,,,,,,,,,,,,,,,,,,,,,,,,,,,,,,,,,,,,0.8057344372891752,0.8193333333333334,,0.0,0.7224444444444444,0.5868780537667382
logistic_m_/r_/logistic__max_balanced_0_new,0.6912479740680713,0.7180491278034888,0.7052980132450332,0.731041456016178,0.8002894356005789,0.8035778175313059,0.816125860373648,0.6395193591455274,0.6068376068376068,0.5960945529290853,0.5778301886792453,0.6456908344733242,0.6292372881355932,0.5537848605577689,0.6045801526717557,0.6084401709401709,0.5808219178082191,0.5989304812834224,0.6436781609195402,0.6474654377880185,0.6358866736621196,0.6923076923076923,0.6339491916859122,0.6382042253521126,0.710019267822736,0.6735688185140073,0.6440237564959168,0.6554013277006638,0.6098010316875461,0.6493950552340874,0.6144398957945665,0.6840148698884758,0.6331967213114754,0.6477916194790487,0.6421052631578947,0.6823979591836735,0.6991150442477876,0.7001915708812261,0.6782140107775212,0.6514945652173914,0.6799329702555509,0.6792044963251189,0.6869195046439629,0.6662131519274377,0.6581259150805271,,0.6748010610079576,0.6661092530657748,0.6783587028457975,0.7132003798670465,0.6908619572261827,0.6920943134535368,0.6261165461505742,0.6775170325510976,0.6861154446177847,0.6428052325581395,0.6720890410958904,0.66711140760507,0.6608884073672806,0.6719038817005545,0.6714031971580817,,,,,,,,,,,,,,,,0.6639305192285466
logistic_m_/r_/logistic__max_balanced_0_3_7_new,0.6507293354943274,0.7305090779636881,0.7192052980132451,0.713515335355578,0.8082489146164978,0.809660107334526,0.8058013765978368,0.6488651535380507,0.6691086691086691,0.6022610483042138,0.6328616352201258,0.6491108071135431,0.5963983050847458,0.6274900398406374,0.6740458015267176,0.6752136752136753,0.5972602739726027,0.6216577540106952,0.6704980842911877,0.6182795698924731,0.6484784889821616,0.6828240252897787,0.6778290993071594,0.6998239436619719,0.7263969171483622,0.6632155907429963,0.6659242761692651,0.6584188292094146,0.6201179071481209,0.6359810625986323,0.6043915147004094,0.6742565055762082,0.6280737704918032,0.6704416761041903,0.6437246963562753,0.6747448979591837,0.7116085372201978,0.6733716475095786,0.7028483448806775,0.6555706521739131,0.6933389191453707,0.7163856463467358,0.7113003095975232,0.6702947845804988,0.6676427525622255,0.6489414081733137,0.7023872679045093,0.6555183946488294,0.6790205162144275,0.6785375118708452,0.6953985742060921,0.6773000462320851,0.635048915355168,0.6737320211960636,0.709204368174727,0.6878633720930233,0.6558219178082192,0.6761174116077385,0.6587215601300108,0.6712877387553913,0.6832445233866193,0.6742274819197897,0.7064868336544637,0.7273408239700374,0.7108563238982444,0.7877870300277567,0.7267144319344934,0.7813021702838063,0.786612426035503,0.7358049432197729,0.7982989064398542,,,0.8362668849774867,,,0.6855217897510275
logistic_m_/r_/logistic__max_balanced_0_3_7,,,,,,,,0.6703296703296703,0.7036496350364964,0.6791878172588832,0.6929824561403509,0.7379192723138147,0.7470967741935484,0.7366412213740458,0.6753623188405797,0.7165048543689321,0.6943127962085308,0.6929133858267716,0.693127962085308,0.7008613938919342,0.7033792240300375,0.6622418879056047,0.6813509544787077,0.7105263157894737,0.6980568011958147,0.7117988394584139,0.6633858267716536,0.6458106637649619,0.6591375770020534,0.6491694352159468,0.6970064724919094,0.6990990990990991,0.7211009174311926,0.6774535809018568,0.6728971962616822,0.6914100486223663,0.6841849148418492,0.6810856658184903,0.6708860759493671,0.7082658022690438,0.6828774062816616,0.6911928651059086,0.6656826568265682,0.6748436748436748,0.7382256297918949,0.7197087883515341,0.7189008540660973,0.737848855440577,0.7159796725014116,0.6991742036964216,0.691855583543241,0.7084745762711865,0.6973015252248729,,,,,,,,,,,,,,,,,,,,,,,,0.6950261554155095
logistic_m_/r_/logistic__max_balanced_0_10_50_new,0.6912479740680713,0.7180491278034888,0.7052980132450332,0.731041456016178,0.8002894356005789,0.8035778175313059,0.816125860373648,0.6395193591455274,0.6068376068376068,0.5960945529290853,0.5778301886792453,0.6456908344733242,0.6292372881355932,0.5537848605577689,0.6045801526717557,0.6084401709401709,0.5808219178082191,0.5989304812834224,0.6436781609195402,0.6474654377880185,0.6358866736621196,0.6923076923076923,0.6339491916859122,0.6382042253521126,0.710019267822736,0.6735688185140073,0.6440237564959168,0.6554013277006638,0.6098010316875461,0.6493950552340874,0.6144398957945665,0.6840148698884758,0.6331967213114754,0.6477916194790487,0.6421052631578947,0.6823979591836735,0.6991150442477876,0.7001915708812261,0.6782140107775212,0.6514945652173914,0.6799329702555509,0.6792044963251189,0.6869195046439629,0.6662131519274377,0.6581259150805271,0.6454948301329394,0.6748010610079576,0.6661092530657748,0.6783587028457975,0.7132003798670465,0.6908619572261827,0.6920943134535368,0.6261165461505742,0.6775170325510976,0.6861154446177847,0.6428052325581395,0.6720890410958904,0.66711140760507,0.6608884073672806,0.6719038817005545,0.6714031971580817,0.6686390532544378,0.6917148362235067,0.7295880149812735,0.7051236116087424,0.7822356800403735,0.7059024223814397,0.7604340567612687,0.7555473372781065,0.7712090848363393,0.7889833940866747,,,0.8018829308227589,,,0.675591477862787
logistic_m_/r_/logistic__max_balanced_0_10_50,0.6821392532795156,0.7116362548609034,0.7405226352594774,0.7516939019529693,0.7531439217512809,0.8118433619866284,0.8197802197802198,0.6659340659340659,0.6423357664233577,0.6802030456852792,0.695906432748538,0.702103467879477,0.7329032258064516,0.7162849872773537,0.7033816425120772,0.7067961165048544,0.6374407582938388,0.7217847769028871,0.6812796208530806,0.7000783085356304,0.6996245306633292,0.6902654867256637,0.7092511013215859,0.700228832951945,0.7010463378176383,0.723404255319149,0.6325459317585301,0.6814472252448314,0.653388090349076,0.6411960132890365,0.6885113268608414,0.6931788931788931,0.689908256880734,0.6625994694960212,0.680805176132279,0.7141004862236628,0.6982968369829684,0.6988973706530959,0.6110471806674338,0.747163695299838,0.7284701114488349,0.6845039018952063,0.7099630996309964,0.7113997113997114,0.7300109529025192,0.7046281851274051,0.7322688451541032,0.6886171213546566,0.7329192546583851,0.6928824223358239,0.718303946263644,0.6903954802259887,0.7004301916308173,0.7179368029739777,0.7008785942492013,0.7137232845894264,0.6743295019157088,0.6964556195092396,0.6569839307787392,0.7194557823129252,0.7000297885016383,0.6958782027478648,0.6830112489183733,0.7381377095968605,0.7560975609756098,0.7418331747542023,0.72639336711193,0.7544848795489493,0.7907421576128538,0.7946045370938075,0.8418803418803419,,,0.8449781659388647,,,0.7103711963483756
logistic_m_/r_/logistic__max_balanced_0,,,,,,,,0.6659340659340659,0.6423357664233577,0.6802030456852792,0.695906432748538,0.702103467879477,0.7329032258064516,0.7162849872773537,0.7033816425120772,0.7067961165048544,0.6374407582938388,0.7217847769028871,0.6812796208530806,0.7000783085356304,0.6996245306633292,0.6902654867256637,0.7092511013215859,0.700228832951945,0.7010463378176383,0.723404255319149,0.6325459317585301,0.6814472252448314,0.653388090349076,0.6411960132890365,0.6885113268608414,0.6931788931788931,0.689908256880734,0.6625994694960212,0.680805176132279,0.7141004862236628,0.6982968369829684,0.6988973706530959,0.6110471806674338,0.747163695299838,0.7284701114488349,0.6845039018952063,0.7099630996309964,0.7113997113997114,0.7300109529025192,0.7046281851274051,0.7322688451541032,0.6886171213546566,0.7329192546583851,0.6928824223358239,0.718303946263644,0.6903954802259887,0.7004301916308173,0.7179368029739777,,0.7137232845894264,0.6743295019157088,0.6964556195092396,0.6569839307787392,0.7194557823129252,0.7000297885016383,,,,,,,,,,,,,,,,0.6944725782600601
logistic_m_/r_/logistic__bayram_new,0.59,0.612,0.704,0.678,0.794,0.792,0.782,,,,,,,,,,,,,,,,,,,,,,,,,,,,,,,,,,,,,,,,,,,,,,,,,,,,,,,,,,,,,,,,,,,,,,0.7074285714285714
logistic_m_/r_/logistic__bayram_3_7_new,0.62,0.622,0.734,0.656,0.81,0.768,0.814,,,,,,,,,,,,,,,,,,,,,,,,,,,,,,,,,,,,,,,,,,,,,,,,,,,,,,,,,,,,,,,,,,,,,,0.7177142857142857
logistic_m_/r_/logistic__bayram_1_1_new,0.588,0.622,0.734,0.67,0.79,0.794,0.796,,,,,,,,,,,,,,,,,,,,,,,,,,,,,,,,,,,,,,,,,,,,,,,,,,,,,,,,,,,,,,,,,,,,,,0.7134285714285715
logistic_m_/r_/logistic__3gram_max_balanced_0_new,0.6936790923824959,0.700249199003204,0.7682119205298014,0.7542972699696663,0.823082489146165,0.8322003577817532,0.8328416912487709,,,,,,,,,,,,,,,,,,,,,,,,,,,,,,,,,,,,,,,,,,,,,,,,,,,,,,,,,,,,,,,,,,,,,,0.7720802885802652
logistic_m_/r_/logistic__2gram_max_balanced_0_new,0.6211507293354943,0.7030971876112495,0.7576158940397351,0.7849679811257162,0.8111432706222865,0.8289803220035779,0.8539823008849557,,,,,,,,,,,,,,,,,,,,,,,,,,,,,,,,,,,,,,,,,,,,,,,,,,,,,,,,,,,,,,,,,,,,,,0.7658482408032878
logistic_dict_m_/r_/logistic_dict__max_balanced_0_10_50_new,0.6912479740680713,0.7180491278034888,0.7052980132450332,0.731041456016178,0.8002894356005789,0.8035778175313059,0.816125860373648,,,,,,,,,,,,,,,,,,,,,,,,,,,,,,,,,,,,,,,,,,,,,,,,,,,,,,,0.6686390532544378,0.6917148362235067,0.7295880149812735,0.7051236116087424,0.7822356800403735,0.7059024223814397,0.7604340567612687,0.7555473372781065,0.7712090848363393,0.7889833940866747,,,0.8018829308227589,,,0.745938339272957
logistic_dict_m_/r_/logistic_dict__3gram_max_balanced_0_10_50_new,0.6936790923824959,0.700249199003204,0.7682119205298014,0.7542972699696663,0.823082489146165,0.8322003577817532,0.8328416912487709,,,,,,,,,,,,,,,,,,,,,,,,,,,,,,,,,,,,,,,,,,,,,,,,,,,,,,,0.7192636423405654,0.6881824020552344,0.699625468164794,0.7452525976352562,0.753217259651779,0.748891163425452,0.7767111853088481,0.7936390532544378,0.7762191048764195,0.8149048197650871,,,0.8248055669259108,,,0.7636263490814243
logistic_dict_m_/r_/logistic_dict__2gram_max_balanced_0_10_50_new,0.6280388978930308,0.687433250266999,0.7387417218543046,0.7529491068419278,0.8165701881331404,0.8314847942754919,0.8264503441494592,,,,,,,,,,,,,,,,,,,,,,,,,,,,,,,,,,,,,,,,,,,,,,,,,,,,,,,0.6886916502301118,0.7135517019910084,0.7097378277153558,0.7302042278753135,0.7703759777946001,0.7291026953258274,0.7604340567612687,0.7732988165680473,0.7732130928523714,0.8112596192790603,,,0.80065493246009,,,0.7523440501259672
logistic_bayram_baseline,0.634,0.68,0.692,0.683,0.759,0.781,0.773,,,,,,,,,,,,,,,,,,,,,,,,,,,,,,,,,,,,,,,,,,,,,,,,,,,,,,,,,,,,,,,,,,,,,,0.7145714285714285
lda_tfidf_m_/r_/lda_tfidf__bayram_new,0.548,0.554,0.598,0.576,0.588,0.64,0.65,,,,,,,,,,,,,,,,,,,,,,,,,,,,,,,,,,,,,,,,,,,,,,,,,,,,,,,,,,,,,,,,,,,,,,0.5934285714285715
lda_noscale_lsqr_m_/r_/lda_noscale_lsqr__bayram_new,0.526,0.548,0.576,0.56,0.612,0.638,0.652,,,,,,,,,,,,,,,,,,,,,,,,,,,,,,,,,,,,,,,,,,,,,,,,,,,,,,,,,,,,,,,,,,,,,,0.5874285714285714
lda_m_/r_/ldalsqr_r__,0.54,0.554,0.592,0.572,0.596,0.64,0.65,,,,,,,,,,,,,,,,,,,,,,,,,,,,,,,,,,,,,,,,,,,,,,,,,,,,,,,,,,,,,,,,,,,,,,0.592
lda_m_/r_/lda_r___max_balanced_0,0.623581847649919,0.6468494126023496,0.6801324503311258,0.6983485001685203,0.7355282199710564,0.7699463327370304,0.7620452310717798,,,,,,,,,,,,,,,,,,,,,,,,,,,,,,,,,,,,,,,,,,,,,,,,,,,,,,,,,,,,,,,,,,,,,,0.7023474277902545
lda_m_/r_/lda_r__,0.54,0.554,0.592,0.572,0.596,0.64,0.65,,,,,,,,,,,,,,,,,,,,,,,,,,,,,,,,,,,,,,,,,,,,,,,,,,,,,,,,,,,,,,,,,,,,,,0.592
lda_m_/r_/lda__bayram_new,0.54,0.554,0.592,0.572,0.596,0.64,0.65,,,,,,,,,,,,,,,,,,,,,,,,,,,,,,,,,,,,,,,,,,,,,,,,,,,,,,,,,,,,,,,,,,,,,,0.592
lda_m_/r_/lda__bayram_3_7_new,0.548,0.602,0.706,0.62,0.7,0.688,0.672,,,,,,,,,,,,,,,,,,,,,,,,,,,,,,,,,,,,,,,,,,,,,,,,,,,,,,,,,,,,,,,,,,,,,,0.6479999999999999
lda_m_/r_/lda__bayram_1_1_new,0.546,0.58,0.65,0.568,0.666,0.688,0.676,,,,,,,,,,,,,,,,,,,,,,,,,,,,,,,,,,,,,,,,,,,,,,,,,,,,,,,,,,,,,,,,,,,,,,0.6248571428571428
lda_m_/r_/lda__3gram_max_balanced_0_new,0.523095623987034,0.5525097899608401,,,,,,,,,,,,,,,,,,,,,,,,,,,,,,,,,,,,,,,,,,,,,,,,,,,,,,,,,,,,,,,,,,,,,,,,,,,0.5378027069739371
knn_tfidf_m_/r_/knn_tfidf__bayram_new,0.646,0.666,0.76,0.73,0.788,0.816,0.838,,,,,,,,,,,,,,,,,,,,,,,,,,,,,,,,,,,,,,,,,,,,,,,,,,,,,,,,,,,,,,,,,,,,,,0.7491428571428571
knn_m_/r_/knn_r__,0.632,0.782,0.684,0.604,0.792,0.742,0.754,,,,,,,,,,,,,,,,,,,,,,,,,,,,,,,,,,,,,,,,,,,,,,,,,,,,,,,,,,,,,,,,,,,,,,0.7128571428571429
knn_m_/r_/knn__bayram_new,0.748,0.782,0.784,0.72,0.792,0.822,0.776,,,,,,,,,,,,,,,,,,,,,,,,,,,,,,,,,,,,,,,,,,,,,,,,,,,,,,,,,,,,,,,,,,,,,,0.7748571428571428
knn_m_/r_/knn__bayram_3_7_new,0.754,0.782,0.792,0.72,0.814,0.814,0.792,,,,,,,,,,,,,,,,,,,,,,,,,,,,,,,,,,,,,,,,,,,,,,,,,,,,,,,,,,,,,,,,,,,,,,0.7811428571428571
knn_m_/r_/knn__bayram_1_1_new,0.77,0.764,0.79,0.724,0.81,0.828,0.792,,,,,,,,,,,,,,,,,,,,,,,,,,,,,,,,,,,,,,,,,,,,,,,,,,,,,,,,,,,,,,,,,,,,,,0.7825714285714286
knn_m_/r_/knn__3gram_max_balanced_0_new,0.7483792544570502,0.7867568529725881,0.8145695364238411,0.788675429726997,0.8346599131693199,0.8647584973166369,0.852015732546706,,,,,,,,,,,,,,,,,,,,,,,,,,,,,,,,,,,,,,,,,,,,,,,,,,,,,,,,,,,,,,,,,,,,,,0.8128307452304485
knn_m_/r_/knn__2gram_max_balanced_0_new,0.7641815235008104,0.7853328586685653,0.8105960264900662,0.782608695652174,0.8346599131693199,0.881216457960644,0.8480825958702065,,,,,,,,,,,,,,,,,,,,,,,,,,,,,,,,,,,,,,,,,,,,,,,,,,,,,,,,,,,,,,,,,,,,,,0.8152397244731123
cnn_m_/r_/cnn__bayram_new,0.574,0.244,0.504,1.0,0.776,0.522,0.218,,,,,,,,,,,,,,,,,,,,,,,,,,,,,,,,,,,,,,,,,,,,,,,,,,,,,,,,,,,,,,,,,,,,,,0.5482857142857143
cnn_m_/r_/cnn__bayram_1_1_new,0.756,0.364,0.626,0.54,0.784,0.608,0.528,,,,,,,,,,,,,,,,,,,,,,,,,,,,,,,,,,,,,,,,,,,,,,,,,,,,,,,,,,,,,,,,,,,,,,0.6008571428571429
cnn_32_5_m_/r_/cnn_32_5__bayram_1_1_new,0.15,,,,,,,,,,,,,,,,,,,,,,,,,,,,,,,,,,,,,,,,,,,,,,,,,,,,,,,,,,,,,,,,,,,,,,,,,,,,0.15
cnn_128_7_e128_s1_m_/r_/cnn_128_7_e128_s1__bayram_1_1_new,0.68,0.614,0.7,0.66,0.81,0.674,0.786,,,,,,,,,,,,,,,,,,,,,,,,,,,,,,,,,,,,,,,,,,,,,,,,,,,,,,,,,,,,,,,,,,,,,,0.7034285714285714
cnn2_avg_drop_128_7_l128_s1_d3_10_e512_m_/r_/cnn2_avg_drop_128_7_l128_s1_d3_10_e512__max_balanced_0_1_1_new,0.706645056726094,0.7372730509077964,0.6258278145695364,0.7327266599258511,0.7583212735166426,0.8103756708407871,0.8230088495575221,,,,,,,,,,,,,,,,,,,,,,,,,,,,,,,,,,,,,,,,,,,,,,,,,,,,,,,,,,,,,,,,,,,,,,0.7420254822920328
cnn2_avg_drop_128_7_l128_s1_d3_10_e300_glove_part_m_/r_/cnn2_avg_drop_128_7_l128_s1_d3_10_e300_glove_part__max_balanced_0_1_1_new,0.6576175040518638,0.5920256318974724,0.6635761589403973,0.7391304347826086,0.8277858176555717,0.7964221824686941,0.8166175024582104,,,,,,,,,,,,,,,,,,,,,,,,,,,,,,,,,,,,,,,,,,,,,,,,,,,,,,,,,,,,,,,,,,,,,,0.7275964617506883
cnn2_avg_drop_128_7_l128_s1_d3_10_e256_m_/r_/cnn2_avg_drop_128_7_l128_s1_d3_10_e256__max_balanced_0_1_1_new,0.7601296596434359,0.69562121751513,0.6463576158940397,0.7441860465116279,0.7688133140376266,0.7889087656529516,0.8121927236971485,,,,,,,,,,,,,,,,,,,,,,,,,,,,,,,,,,,,,,,,,,,,,,,,,,,,,,,,,,,,,,,,,,,,,,0.7451727632788516
cnn2_avg_drop_128_7_l128_s1_d3_10_e200_glove_part_m_/r_/cnn2_avg_drop_128_7_l128_s1_d3_10_e200_glove_part__max_balanced_0_1_1_new,0.623581847649919,0.6739053043787825,0.7043046357615894,0.7714863498483316,0.7348046309696092,0.8246869409660107,0.7944936086529006,,,,,,,,,,,,,,,,,,,,,,,,,,,,,,,,,,,,,,,,,,,,,,,,,,,,,,,,,,,,,,,,,,,,,,0.7324661883181632
cnn2_avg_128_7_l128_s1_e512_m_/r_/cnn2_avg_128_7_l128_s1_e512__max_balanced_0_1_1_new,0.7119124797406807,0.7155571377714489,0.6304635761589404,0.7027300303336703,0.7778581765557163,0.8107334525939177,0.7954768928220256,,,,,,,,,,,,,,,,,,,,,,,,,,,,,,,,,,,,,,,,,,,,,,,,,,,,,,,,,,,,,,,,,,,,,,0.7349616779966286
cnn2_avg_128_7_l128_s1_e300_glove_trainable_m_/r_/cnn2_avg_128_7_l128_s1_e300_glove_trainable__max_balanced_0_1_1_new,0.6936790923824959,0.7205411178355287,0.6728476821192053,,,,,,,,,,,,,,,,,,,,,,,,,,,,,,,,,,,,,,,,,,,,,,,,,,,,,,,,,,,,,,,,,,,,,,,,,,0.6956892974457434
cnn2_avg_128_7_l128_s1_e300_glove_not_trainable_m_/r_/cnn2_avg_128_7_l128_s1_e300_glove_not_trainable__max_balanced_0_1_1_new,0.6584278768233387,0.7119971520113919,0.7433774834437086,0.7381193124368048,0.7467438494934877,0.8361359570661896,0.8323500491642084,,,,,,,,,,,,,,,,,,,,,,,,,,,,,,,,,,,,,,,,,,,,,,,,,,,,,,,,,,,,,,,,,,,,,,0.7524502400627328
cnn2_avg_128_7_l128_s1_e256_m_/r_/cnn2_avg_128_7_l128_s1_e256__max_balanced_0_1_1_new,0.7329821717990276,0.6657173371306515,0.5930463576158941,0.7216043141220088,0.7528943560057887,0.8193202146690519,0.8008849557522124,,,,,,,,,,,,,,,,,,,,,,,,,,,,,,,,,,,,,,,,,,,,,,,,,,,,,,,,,,,,,,,,,,,,,,0.7266356724420906
cnn2_avg_128_7_l128_s1_e200_glove_trainable_m_/r_/cnn2_avg_128_7_l128_s1_e200_glove_trainable__max_balanced_0_1_1_new,0.6268233387358185,0.6767532929868281,0.7327814569536424,0.7145264577013819,0.8115050651230101,0.823613595706619,0.7817109144542773,,,,,,,,,,,,,,,,,,,,,,,,,,,,,,,,,,,,,,,,,,,,,,,,,,,,,,,,,,,,,,,,,,,,,,0.7382448745230824
cnn2_avg_128_7_l128_s1_e200_glove_not_trainable_m_/r_/cnn2_avg_128_7_l128_s1_e200_glove_not_trainable__max_balanced_0_1_1_new,0.5607779578606159,0.7308650765396938,0.7350993377483444,0.8169868554095046,0.8100578871201157,0.8407871198568873,0.8141592920353983,,,,,,,,,,,,,,,,,,,,,,,,,,,,,,,,,,,,,,,,,,,,,,,,,,,,,,,,,,,,,,,,,,,,,,0.7583905037957942
cnn2_avg_128_7_e128_s1_m_/r_/cnn2_avg_128_7_e128_s1__max_balanced_0_1_1_new,0.6341166936790924,0.7525809896760413,0.6463576158940397,0.7603640040444893,0.7742402315484804,0.7835420393559929,0.7595870206489675,,,,,,,,,,,,,,,,,,,,,,,,,,,,,,,,,,,,,,,,,,,,,,,,,,,,,,,,,,,,,,,,,,,,,,0.7301126564067291
cnn2_avg_128_7_e128_s1_d3_50_e512_m_/r_/cnn2_avg_128_7_e128_s1_d3_50_e512__max_balanced_0_1_1_new,0.7305510534846029,0.6578853684585262,0.6437086092715232,0.7253117627232896,0.7492764109985528,0.8203935599284436,0.8013765978367748,,,,,,,,,,,,,,,,,,,,,,,,,,,,,,,,,,,,,,,,,,,,,,,,,,,,,,,,,,,,,,,,,,,,,,0.732643337528816
cnn2_avg_128_7_e128_s1_d3_50_e256_m_/r_/cnn2_avg_128_7_e128_s1_d3_50_e256__max_balanced_0_1_1_new,0.7277147487844409,0.6717693129227483,0.5788079470198676,0.7050893158072127,0.7601302460202605,0.7953488372093023,0.7625368731563422,,,,,,,,,,,,,,,,,,,,,,,,,,,,,,,,,,,,,,,,,,,,,,,,,,,,,,,,,,,,,,,,,,,,,,0.7144853258457393
cnn2_64_7_m_/r_/cnn2_64_7__bayram_1_1_new,0.188,,,,,,,,,,,,,,,,,,,,,,,,,,,,,,,,,,,,,,,,,,,,,,,,,,,,,,,,,,,,,,,,,,,,,,,,,,,,0.188
cnn2_32_7_m_/r_/cnn2_32_7__bayram_1_1_new,0.896,,,,,,,,,,,,,,,,,,,,,,,,,,,,,,,,,,,,,,,,,,,,,,,,,,,,,,,,,,,,,,,,,,,,,,,,,,,,0.896
cnn2_32_5_m_/r_/cnn2_32_5__bayram_1_1_new,0.72,,,,,,,,,,,,,,,,,,,,,,,,,,,,,,,,,,,,,,,,,,,,,,,,,,,,,,,,,,,,,,,,,,,,,,,,,,,,0.72
cnn2_256_7_nd_m_/r_/cnn2_256_7_nd__bayram_1_1_new,0.36,,,,,,,,,,,,,,,,,,,,,,,,,,,,,,,,,,,,,,,,,,,,,,,,,,,,,,,,,,,,,,,,,,,,,,,,,,,,0.36
cnn2_256_7_nd_e64_s1_m_/r_/cnn2_256_7_nd_e64_s1__bayram_1_1_new,0.59,,,,,,,,,,,,,,,,,,,,,,,,,,,,,,,,,,,,,,,,,,,,,,,,,,,,,,,,,,,,,,,,,,,,,,,,,,,,0.59
cnn2_256_7_nd_e64_m_/r_/cnn2_256_7_nd_e64__bayram_1_1_new,0.752,,,,,,,,,,,,,,,,,,,,,,,,,,,,,,,,,,,,,,,,,,,,,,,,,,,,,,,,,,,,,,,,,,,,,,,,,,,,0.752
cnn2_256_7_e64_s1_m_/r_/cnn2_256_7_e64_s1__bayram_1_1_new,0.478,0.554,0.518,0.812,0.876,0.75,0.796,,,,,,,,,,,,,,,,,,,,,,,,,,,,,,,,,,,,,,,,,,,,,,,,,,,,,,,,,,,,,,,,,,,,,,0.6834285714285714
cnn2_256_7_e128_s1_d95_m_/r_/cnn2_256_7_e128_s1_d95__bayram_1_1_new,0.45,0.522,0.684,0.628,0.806,0.758,0.814,,,,,,,,,,,,,,,,,,,,,,,,,,,,,,,,,,,,,,,,,,,,,,,,,,,,,,,,,,,,,,,,,,,,,,0.666
cnn2_128_7_nd_m_/r_/cnn2_128_7_nd__bayram_1_1_new,0.386,,,,,,,,,,,,,,,,,,,,,,,,,,,,,,,,,,,,,,,,,,,,,,,,,,,,,,,,,,,,,,,,,,,,,,,,,,,,0.386
cnn2_128_7_nd_e64_m_/r_/cnn2_128_7_nd_e64__bayram_1_1_new,0.47,,,,,,,,,,,,,,,,,,,,,,,,,,,,,,,,,,,,,,,,,,,,,,,,,,,,,,,,,,,,,,,,,,,,,,,,,,,,0.47
cnn2_128_7_e64_s1_m_/r_/cnn2_128_7_e64_s1__bayram_1_1_new,0.496,0.582,0.824,0.702,0.812,0.734,0.828,,,,,,,,,,,,,,,,,,,,,,,,,,,,,,,,,,,,,,,,,,,,,,,,,,,,,,,,,,,,,,,,,,,,,,0.7111428571428571
cnn2_128_7_e128_s1_m_/r_/cnn2_128_7_e128_s1__max_balanced_0_1_1_new,0.706645056726094,0.7187611249555002,0.7192052980132451,0.6919447253117628,0.7709840810419681,0.8114490161001789,0.7930186823992134,,,,,,,,,,,,,,,,,,,,,,,,,,,,,,,,,,,,,,,,,,,,,,,,,,,,,,,,,,,,,,,,,,,,,,0.7445725692211375
cnn2_128_7_e128_s1_m_/r_/cnn2_128_7_e128_s1__bayram_1_1_new,0.584,0.526,0.664,0.634,0.902,0.74,0.81,,,,,,,,,,,,,,,,,,,,,,,,,,,,,,,,,,,,,,,,,,,,,,,,,,,,,,,,,,,,,,,,,,,,,,0.6942857142857142
cnn2_128_7_e128_s1_d_50_m_/r_/cnn2_128_7_e128_s1_d_50__bayram_1_1_new,0.704,0.534,0.676,0.698,0.818,0.874,0.828,,,,,,,,,,,,,,,,,,,,,,,,,,,,,,,,,,,,,,,,,,,,,,,,,,,,,,,,,,,,,,,,,,,,,,0.7331428571428572
cnn2_128_7_e128_s1_d95_m_/r_/cnn2_128_7_e128_s1_d95__bayram_1_1_new,0.53,0.674,0.676,0.628,0.7,0.648,0.76,,,,,,,,,,,,,,,,,,,,,,,,,,,,,,,,,,,,,,,,,,,,,,,,,,,,,,,,,,,,,,,,,,,,,,0.6594285714285715
cnn2_128_7_e128_s1_d4_50_m_/r_/cnn2_128_7_e128_s1_d4_50__max_balanced_0_1_1_new,0.6750405186385737,0.6671413314346742,0.6748344370860927,0.6134142231209977,0.8422575976845152,0.7756708407871199,0.7718780727630286,,,,,,,,,,,,,,,,,,,,,,,,,,,,,,,,,,,,,,,,,,,,,,,,,,,,,,,,,,,,,,,,,,,,,,0.717176717359286
cnn2_128_7_e128_s1_d4_10_m_/r_/cnn2_128_7_e128_s1_d4_10__max_balanced_0_1_1_new,0.7090761750405187,0.6553933784264863,0.6917218543046357,0.7084597236265588,0.7847322720694645,0.7878354203935599,0.7571288102261554,,,,,,,,,,,,,,,,,,,,,,,,,,,,,,,,,,,,,,,,,,,,,,,,,,,,,,,,,,,,,,,,,,,,,,0.7277639477267686
cnn2_128_7_e128_s1_d3_10_m_/r_/cnn2_128_7_e128_s1_d3_10__max_balanced_0_1_1_new,0.6089951377633711,0.6813812744749022,0.6625827814569536,0.716211661611055,0.7557887120115774,0.7502683363148479,0.7999016715830876,,,,,,,,,,,,,,,,,,,,,,,,,,,,,,,,,,,,,,,,,,,,,,,,,,,,,,,,,,,,,,,,,,,,,,0.7107327964593994
cnn2_128_7_e128_s1_d2_95_m_/r_/cnn2_128_7_e128_s1_d2_95__bayram_1_1_new,0.646,0.73,0.522,0.63,0.736,0.71,0.8,,,,,,,,,,,,,,,,,,,,,,,,,,,,,,,,,,,,,,,,,,,,,,,,,,,,,,,,,,,,,,,,,,,,,,0.682
cnn2_128_7_e128_s1_d2_10_95_m_/r_/cnn2_128_7_e128_s1_d2_10_95__bayram_1_1_new,0.482,0.344,0.65,0.698,0.696,0.78,0.284,,,,,,,,,,,,,,,,,,,,,,,,,,,,,,,,,,,,,,,,,,,,,,,,,,,,,,,,,,,,,,,,,,,,,,0.562
boost_tfidf_m_/r_/boost_tfidf__bayram_new,0.518,0.592,0.616,0.652,0.748,0.71,0.712,,,,,,,,,,,,,,,,,,,,,,,,,,,,,,,,,,,,,,,,,,,,,,,,,,,,,,,,,,,,,,,,,,,,,,0.6497142857142857
boost_m_/r_/boostcv_r__,0.554,0.586,0.662,0.626,0.716,0.704,0.696,,,,,,,,,,,,,,,,,,,,,,,,,,,,,,,,,,,,,,,,,,,,,,,,,,,,,,,,,,,,,,,,,,,,,,0.6491428571428571
boost_m_/r_/boost_r___max_balanced_0,0.6454619124797407,0.6796012815948737,0.5874172185430464,0.6511627906976745,0.7275687409551375,0.7871198568872988,0.6912487708947886,,,,,,,,,,,,,,,,,,,,,,,,,,,,,,,,,,,,,,,,,,,,,,,,,,,,,,,,,,,,,,,,,,,,,,0.6813686531503658
boost_m_/r_/boost_r__,0.588,0.608,0.718,0.644,0.794,0.79,0.752,,,,,,,,,,,,,,,,,,,,,,,,,,,,,,,,,,,,,,,,,,,,,,,,,,,,,,,,,,,,,,,,,,,,,,0.6991428571428571
boost_m_/r_/boost__bayram_new,0.572,0.58,0.584,0.594,0.746,0.682,0.668,,,,,,,,,,,,,,,,,,,,,,,,,,,,,,,,,,,,,,,,,,,,,,,,,,,,,,,,,,,,,,,,,,,,,,0.6322857142857142
boost_m_/r_/boost__bayram_3_7_new,0.542,0.62,0.57,0.596,0.72,0.7,0.674,,,,,,,,,,,,,,,,,,,,,,,,,,,,,,,,,,,,,,,,,,,,,,,,,,,,,,,,,,,,,,,,,,,,,,0.6317142857142858
boost_m_/r_/boost__bayram_1_1_new,0.588,0.592,0.552,0.632,0.712,0.716,0.74,,,,,,,,,,,,,,,,,,,,,,,,,,,,,,,,,,,,,,,,,,,,,,,,,,,,,,,,,,,,,,,,,,,,,,0.6474285714285715
boost_m_/r_/boost__3gram_max_balanced_0_new,0.6985413290113452,0.7180491278034888,0.5937086092715231,0.7013818672059319,0.7597684515195369,0.7731663685152057,0.7846607669616519,,,,,,,,,,,,,,,,,,,,,,,,,,,,,,,,,,,,,,,,,,,,,,,,,,,,,,,,,,,,,,,,,,,,,,0.7184680743269549
boost_m_/r_/boost__2gram_max_balanced_0_new,0.6888168557536467,0.7119971520113919,0.6006622516556291,0.7216043141220088,0.683068017366136,0.7906976744186046,0.7708947885939036,,,,,,,,,,,,,,,,,,,,,,,,,,,,,,,,,,,,,,,,,,,,,,,,,,,,,,,,,,,,,,,,,,,,,,0.7096772934173315
boost_fullgird_m_/r_/boost_fullgird__bayram_new,0.584,0.596,0.66,0.654,0.75,0.756,0.734,,,,,,,,,,,,,,,,,,,,,,,,,,,,,,,,,,,,,,,,,,,,,,,,,,,,,,,,,,,,,,,,,,,,,,0.6762857142857143
